"","ARCHIVE","PROBLEM","nPSE","OBJ","OBJdiff","ETCL","ETV"
"1",1117171,"base model",6,1118.35,0,0.251766955734862,0.319197431067357
"2",1117173,"fixed covariates",7,1065.36,-52.99,0.184716539595132,0.224745856469035
"3",1117172,"all covariates estimated",12,1058.3,-60.05,0.17527207421606,0.215891407888318
